stageID,星解放,星1倍率,星2倍率,星3倍率,星4倍率,ゲリラset,報酬リセットType,1度きり表示,表示順,インターバル,挑戦フラグ,マップ名
0,4,100,150,200,300,0,0,0,0,0,0,レジェンドステージ：伝説の始まり
1,4,100,150,200,300,0,0,0,0,0,0,レジェンドステージ：情熱の国
2,4,100,150,200,300,0,0,0,0,0,0,レジェンドステージ：グルコサミン砂漠
3,4,100,150,200,300,0,0,0,0,0,0,レジェンドステージ：猫ども海を渡る
4,4,100,150,200,300,0,0,0,0,0,0,レジェンドステージ：見つめてキャッツアイ
5,4,100,150,200,300,0,0,0,0,0,0,レジェンドステージ：ウエスタン街道
6,4,100,150,200,300,0,0,0,0,0,0,レジェンドステージ：マグロ海域
7,4,100,150,200,300,0,0,0,0,0,0,レジェンドステージ：バンブー島
8,4,100,150,200,300,0,0,0,0,0,0,レジェンドステージ：ぷにぷに鍾乳洞
9,4,100,150,200,300,0,0,0,0,0,0,レジェンドステージ：ボルケーノ火山
10,4,100,150,200,300,0,0,0,0,0,0,レジェンドステージ：千里の道
11,4,100,150,200,300,0,0,0,0,0,0,レジェンドステージ：アオ・ザ・カナ
12,4,100,150,200,300,0,0,0,0,0,0,レジェンドステージ：軍艦島
13,4,100,150,200,300,0,0,0,0,0,0,レジェンドステージ：つめとぎの廊下
14,4,100,150,200,200,0,0,0,0,0,0,レジェンドステージ：パルテノン神殿
15,4,100,150,200,200,0,0,0,0,0,0,レジェンドステージ：ずんどこ海水浴場
16,4,100,150,200,200,0,0,0,0,0,0,レジェンドステージ：アルカトラズ島
17,4,100,150,170,150,0,0,0,0,0,0,レジェンドステージ：脱獄トンネル
18,4,100,150,170,140,0,0,0,0,0,0,レジェンドステージ：カポネの監獄
19,4,100,140,160,140,0,0,0,0,0,0,レジェンドステージ：シルクロード
20,4,100,130,150,130,0,0,0,0,0,0,レジェンドステージ：闇へと続く地下道
21,4,100,120,140,130,0,0,0,0,0,0,レジェンドステージ：魔王の豪邸
22,4,100,120,140,120,0,0,0,0,0,0,レジェンドステージ：終わりを告げる夜
23,4,100,120,140,120,0,0,0,0,0,0,レジェンドステージ：バトルロワイアル
24,4,100,120,140,110,0,0,0,0,0,0,レジェンドステージ：戦争のつめあと
25,4,100,120,140,110,0,0,0,0,0,0,レジェンドステージ：海を汚す悪しき者
26,4,100,120,140,100,0,0,0,0,0,0,レジェンドステージ：心と体、繋ぐもの
27,4,100,120,140,100,0,0,0,0,0,0,レジェンドステージ：脆弱性と弱酸性
28,4,100,120,140,100,0,0,0,0,0,0,レジェンドステージ：導かれしネコ達
29,4,100,120,140,100,0,0,0,0,0,0,レジェンドステージ：暗黒コスモポリス
30,4,100,120,140,100,0,0,0,0,0,0,レジェンドステージ：ガラ・パ・ゴス
31,4,100,120,140,100,0,0,0,0,0,0,レジェンドステージ：岩海苔半島
32,4,100,120,140,100,0,0,0,0,0,0,レジェンドステージ：恐ろし連邦
33,4,100,120,140,100,0,0,0,0,0,0,レジェンドステージ：亡者の住まう地
34,4,100,120,140,100,0,0,0,0,0,0,レジェンドステージ：絶島パンデミック
35,4,100,120,130,100,0,0,0,0,0,0,レジェンドステージ：ふくろのねずみランド
36,4,100,120,130,100,0,0,0,0,0,0,レジェンドステージ：ハリーウッド帝国
37,4,100,120,130,100,0,0,0,0,0,0,レジェンドステージ：こしぎんちゃくの浜辺
38,4,100,120,130,100,0,0,0,0,0,0,レジェンドステージ：雲泥温泉郷
39,4,100,120,130,100,0,0,0,0,0,0,レジェンドステージ：風待ちアイランド
40,4,100,120,130,100,0,0,0,0,0,0,レジェンドステージ：ITカタコンベ
41,4,100,120,130,100,0,0,0,0,0,0,レジェンドステージ：変覧会の絵
42,4,100,120,130,100,0,0,0,0,0,0,レジェンドステージ：エリア22
43,4,100,120,130,100,0,0,0,0,0,0,レジェンドステージ：超越サバンナ
44,4,100,120,130,100,0,0,0,0,0,0,レジェンドステージ：ブリザード自動車道
45,4,100,120,130,100,0,0,0,0,0,0,レジェンドステージ：シンギュラリティ村
46,4,100,120,130,100,0,0,0,0,0,0,レジェンドステージ：オワーリ大陸
47,4,100,120,130,100,0,0,0,0,0,0,レジェンドステージ：伝説のおわり
48,4,100,120,130,100,0,0,0,0,0,0,レジェンドステージ：古代研究所
1000,1,100,150,200,300,32,0,0,1000,0,0,スペシャル月曜ステージ
1001,1,100,150,200,300,32,0,0,1001,0,0,スペシャル火曜ステージ
1002,1,100,150,200,300,32,0,0,1002,0,0,スペシャル水曜ステージ
1003,1,100,150,200,300,32,0,0,1003,0,0,スペシャル木曜ステージ
1004,1,100,150,200,300,32,0,0,1004,0,0,スペシャル金曜ステージ
1005,1,100,150,200,300,2,0,0,0,0,0,スペシャル土日ステージ(旧)
1006,1,100,150,200,300,9,0,0,1300,0,0,スペシャルにゃんチケ★チャンス！
1007,1,100,150,200,300,9,0,0,1301,0,0,スペシャル逆襲のカバちゃん
1008,3,100,150,200,300,0,0,0,0,0,0,スペシャル秋だよ運動会！(旧)
1009,4,100,150,200,300,0,0,0,2502,0,0,スペシャル勤労感謝スペシャル！
1010,4,100,150,200,300,0,0,0,2500,0,0,なんとクリスマスが来た！
1011,4,100,150,200,300,0,0,0,2522,0,0,新年、あけました。おめっ...
1012,4,100,150,200,250,0,0,0,2520,0,0,召喚された福！
1013,4,100,150,200,300,0,0,0,2518,0,0,雛壇の戦士達
1014,1,100,150,200,300,0,0,0,3300,0,1,紅のカタストロフ
1015,1,100,150,200,300,0,0,0,3302,0,1,ダークネスヘブン
1016,1,100,150,200,300,0,0,0,3304,0,1,国士無双
1017,1,100,150,200,300,0,0,0,2904,0,1,狂乱のネコ降臨
1018,1,100,150,200,300,0,0,0,2905,0,1,狂乱のタンク降臨
1019,1,100,150,200,300,0,0,0,2906,0,1,狂乱のバトル降臨
1020,1,100,150,200,300,0,0,0,2907,0,1,狂乱のキモネコ降臨
1021,1,100,150,200,300,0,0,0,2908,0,1,狂乱のウシ降臨
1022,1,100,150,200,300,0,0,0,2909,0,1,狂乱のトリ降臨
1023,1,100,150,200,300,0,0,0,2910,0,1,狂乱のフィッシュ降臨
1024,1,100,150,200,300,0,0,0,2911,0,1,狂乱のトカゲ降臨
1025,1,100,150,200,300,0,0,0,2912,0,1,狂乱の巨神降臨
1026,4,100,150,200,300,0,0,0,2516,0,0,春だよ！高校教師
1027,1,100,150,200,300,2,0,0,1006,0,0,土日ステージ
1028,1,100,150,200,300,3,0,0,1200,0,0,ゲリラ経験値にゃ！
1029,4,100,150,200,300,0,0,0,2514,0,0,コイの五月病
1030,4,100,150,200,300,0,0,0,2512,0,0,禁断の花嫁
1031,4,100,150,200,300,0,0,0,2510,0,0,だって夏じゃニャーイ！
1032,4,100,150,200,300,0,0,0,2508,0,0,あの世からの帰省ラッシュ！
1033,3,100,150,200,300,0,0,0,3600,0,0,月イベントオールスターズ スペシャル記念！
1034,3,100,150,200,300,0,0,0,3601,0,0,月イベントオールスターズ ウルトラ記念！
1035,3,100,150,200,300,0,0,0,3602,0,0,月イベントオールスターズ ミラクル記念！
1036,4,100,150,200,300,0,0,0,2506,0,0,町でみたすごい老人
1037,1,100,150,200,300,0,0,0,3700,0,0,韓国版☆特別ステージ
1038,4,100,150,200,300,0,0,0,2504,0,0,秋だよ運動会！
1039,1,100,150,200,300,0,0,0,3306,0,1,天罰
1040,1,100,150,200,300,0,0,0,3850,0,0,バースデープレゼント！その1
1041,1,100,150,200,300,0,0,0,3851,0,0,バースデープレゼント！その2
1042,1,100,150,200,300,0,0,0,3852,0,0,バースデープレゼント！その3
1043,1,100,150,200,300,0,0,0,3308,0,1,鉄子の部屋
1044,1,100,150,200,300,0,0,0,3840,0,0,ことよろにゃ！
1045,1,100,150,200,300,0,0,0,2800,0,0,開眼の女優襲来！
1046,1,100,150,200,300,0,0,0,2801,0,0,開眼のカンフー襲来！
1047,1,100,150,200,300,0,0,0,2802,0,0,開眼のMr.襲来！
1048,1,100,150,200,300,0,0,0,2803,0,0,開眼の猫縛り襲来！
1049,1,100,150,200,300,0,0,0,2804,0,0,開眼の女王猫襲来！
1050,1,100,150,200,300,0,0,0,2805,0,0,開眼の箱詰め襲来！
1051,1,100,150,200,300,0,0,0,2806,0,0,開眼のパンツ襲来！
1052,1,100,150,200,300,0,0,0,2807,0,0,開眼のリンリン襲来！
1053,1,100,150,200,300,0,0,0,2808,0,0,開眼の忍者襲来！
1054,1,100,150,200,300,0,0,0,2809,0,0,開眼のゾンビ襲来！
1055,1,100,150,200,300,0,0,0,2900,0,0,開眼のさむらい襲来！
1056,1,100,150,200,300,0,0,0,2901,0,0,開眼のスモウ襲来！
1057,1,100,150,200,300,0,0,0,2902,0,0,開眼のフィーバー襲来！
1058,1,100,150,200,300,0,0,0,2903,0,0,開眼のスカート襲来！
1059,1,100,150,200,300,3,0,0,1201,0,0,超ゲリラ経験値にゃ！
1060,3,100,150,200,300,0,0,0,2612,0,0,バレンタインVSホワイトデー大戦争
1061,3,100,150,200,300,0,0,0,3200,0,0,闇討ち 1st
1062,3,100,150,200,300,0,0,0,3201,0,0,闇討ち 2nd
1063,3,100,150,200,300,0,0,0,3202,0,0,闇討ち 3rd
1064,3,100,150,200,300,0,0,0,3203,0,0,闇討ち Last
1065,4,100,150,200,300,0,0,0,3830,0,0,とびだす！にゃんこ大戦争
1066,1,100,150,200,300,0,0,0,3310,0,1,絶望異次元
1067,1,100,150,200,300,0,0,0,3701,0,0,TWその１
1068,1,100,150,200,300,0,0,0,3820,0,0,2000万ダウンロード記念 ハッピープレゼント！
1069,1,100,150,200,300,0,0,0,3500,0,0,2000万ダウンロード記念 極ムズカーニバル！
1070,3,100,150,200,300,0,0,0,3603,0,0,月イベントオールスターズ ワンダフル記念！
1071,1,100,150,200,300,0,0,0,3702,0,0,EN１
1072,3,100,150,200,300,0,0,0,2603,0,0,王道ハロウィン到来！
1073,1,100,150,200,300,33,0,0,1007,0,0,ゲリラ月曜ステージ
1074,1,100,150,200,300,33,0,0,1008,0,0,ゲリラ火曜ステージ
1075,1,100,150,200,300,33,0,0,1009,0,0,ゲリラ水曜ステージ
1076,1,100,150,200,300,33,0,0,1010,0,0,ゲリラ木曜ステージ
1077,1,100,150,200,300,33,0,0,1011,0,0,ゲリラ金曜ステージ
1078,1,100,150,200,300,9,1,1,1302,0,0,逆襲のカオル君
1079,3,100,150,200,300,0,0,0,3604,0,0,イベントオールスターズ エクセレント記念！
1080,1,100,150,200,300,0,0,0,3853,0,0,バースデープレゼント！
1081,3,100,150,200,300,0,0,0,2600,0,0,赤鼻サンタのプレゼント！
1082,1,100,150,200,300,0,0,0,3841,0,0,ことよろにゃ！(ΦωΦ)
1083,1,100,150,200,300,0,0,0,3100,0,0,開眼のにゃんこ成人襲来！
1084,1,100,150,200,300,0,0,0,3101,0,0,開眼の吾輩は鬼である襲来！
1085,1,100,150,200,300,0,0,0,3102,0,0,開眼のひなにゃんこ襲来！
1086,1,100,150,200,300,0,0,0,3103,0,0,開眼のネコ乙女襲来！
1087,1,100,150,200,300,0,0,0,3104,0,0,開眼のマジでコイしてる襲来！
1088,1,100,150,200,300,0,0,0,3105,0,0,開眼のマダム・ザ・花嫁襲来！
1089,1,100,150,200,300,0,0,0,3106,0,0,開眼の女王様の休日襲来！
1090,1,100,150,200,300,0,0,0,3107,0,0,開眼のうらめしにゃん襲来！
1091,1,100,150,200,300,0,0,0,3108,0,0,開眼のカンフーにゃんこＧ襲来！
1092,1,100,150,200,300,0,0,0,3109,0,0,開眼のネコ運動会襲来！
1093,1,100,150,200,300,0,0,0,3110,0,0,開眼のネコリーマン襲来！
1094,1,100,150,200,300,0,0,0,3111,0,0,開眼のトナカイフィッシュ襲来！
1095,1,100,150,200,300,0,0,0,3450,0,1,断罪天使クオリネル降臨
1096,1,100,150,200,300,0,0,0,3312,0,0,緊急爆風警報
1097,1,100,150,200,300,4,0,0,1100,0,0,進化の緑マタタビ
1098,1,100,150,200,300,4,0,0,1101,0,0,進化の紫マタタビ
1099,1,100,150,200,300,4,0,0,1102,0,0,進化の赤マタタビ
1100,1,100,150,200,300,4,0,0,1103,0,0,進化の青マタタビ
1101,1,100,150,200,300,4,0,0,1104,0,0,進化の黄マタタビ
1102,1,100,150,200,300,0,0,0,3000,0,0,大狂乱のネコ降臨
1103,1,100,150,200,300,0,0,0,3001,0,0,大狂乱のタンク降臨
1104,1,100,150,200,300,0,0,0,3002,0,0,大狂乱のバトル降臨
1105,1,100,150,200,300,0,0,0,3003,0,0,大狂乱のキモネコ降臨
1106,1,100,150,200,300,0,0,0,3004,0,0,大狂乱のウシ降臨
1107,1,100,150,200,300,0,0,0,3005,0,0,大狂乱のトリ降臨
1108,1,100,150,200,300,0,0,0,3006,0,0,大狂乱のフィッシュ降臨
1109,1,100,150,200,300,0,0,0,3007,0,0,大狂乱のトカゲ降臨
1110,1,100,150,200,300,0,0,0,3008,0,0,大狂乱の巨神降臨
1111,1,100,150,200,300,0,0,0,3400,0,0,弱り目に祟り目
1112,1,100,150,200,300,0,0,0,3401,0,0,神判の日
1113,1,100,150,200,300,0,0,0,3810,0,0,協賛BitSummit記念！
1114,1,100,150,200,300,0,0,0,3402,0,0,オーバーテクノロジー
1115,3,100,150,200,300,0,0,0,2605,0,0,ときめき夏祭り
1116,1,100,150,200,300,0,1,1,4000,0,0,謎の宅配便
1117,1,100,150,200,300,0,0,0,3452,0,1,地獄門
1118,1,100,150,200,300,5,0,0,1105,0,0,マタタビチャレンジ
1119,1,100,150,200,300,0,0,0,3454,0,1,女帝飛来
1120,1,100,150,200,300,0,0,0,3501,0,0,極ムズカーニバル2
1121,1,100,150,200,300,0,0,0,2602,0,0,文化祭グルメ戦争
1122,1,100,150,200,300,0,0,0,3314,0,0,ローリングデッド
1123,1,100,150,200,300,0,0,0,3854,0,0,バースデープレゼント！
1124,1,100,150,200,300,3,0,0,1202,0,0,極ゲリラ経験値にゃ！
1125,1,100,150,200,300,0,0,0,2614,0,0,にゃんこ雪まつり
1126,1,100,150,200,300,0,0,0,3842,0,0,ことよろにゃ！(ΦωΦ)
1127,3,100,130,150,300,0,0,0,2611,0,0,２２２ ～猫の日～
1128,1,100,150,200,300,0,0,0,3456,0,1,亡者デブウ降臨
1129,3,100,150,200,300,0,0,0,2610,0,0,謎のイースター
1130,1,100,150,200,300,0,0,0,2702,0,0,開眼のちびネコ襲来！
1131,1,100,150,200,300,0,0,0,2703,0,0,開眼のちびタンクネコ襲来！
1132,1,100,150,200,300,0,0,0,2704,0,0,開眼のちびバトルネコ襲来！
1133,1,100,150,200,300,0,0,0,2705,0,0,開眼のちびキモネコ襲来！
1134,1,100,150,200,300,0,0,0,2706,0,0,開眼のちびウシネコ襲来！
1135,1,100,150,200,300,0,0,0,2707,0,0,開眼のちびネコノトリ襲来！
1136,1,100,150,200,300,0,0,0,2708,0,0,開眼のちびネコフィッシュ襲来！
1137,1,100,150,200,300,0,0,0,2709,0,0,開眼のちびネコトカゲ襲来！
1138,1,100,150,200,300,0,0,0,2710,0,0,開眼のちびネコ巨神襲来！
1139,1,100,150,200,300,0,0,0,3800,0,0,謎のプレゼント
1140,1,100,150,200,300,0,0,0,2609,0,0,黄金週間ゴールデンウィーク
1141,1,100,150,200,300,0,0,0,3811,0,0,協賛BitSummit記念！
1142,1,100,150,200,300,0,0,0,2608,0,0,じめじめなめなめ大進撃！(旧)
1143,1,100,150,200,300,0,0,0,2700,0,0,開眼のにゃんこカート襲来！
1144,1,100,150,200,300,0,0,0,3703,0,0,KRその2
1145,1,100,150,200,300,0,0,0,3821,0,0,3000万ダウンロード記念
1146,1,100,150,200,300,0,0,0,3605,0,0,イベントオールスターズ
1147,1,100,150,200,300,0,0,0,3801,0,0,謎のプレゼント2
1148,1,100,150,200,300,0,0,0,2701,0,0,開眼のネコフラワー襲来！
1149,1,100,150,200,300,0,0,0,2606,0,0,サマーレッスン
1150,1,100,150,200,300,17,0,0,1400,0,0,レンガと宇宙石の洞窟
1151,1,100,150,200,300,17,0,0,1401,0,0,備長炭と謎の骨の島
1152,1,100,150,200,300,17,0,0,1402,0,0,羽根と歯車と黄金の岬
1153,1,100,150,200,300,0,0,0,3704,0,0,海外その1
1154,1,100,150,200,300,0,0,0,2604,0,0,シルバーウィーク
1155,1,100,150,200,300,3,1,1,1203,0,0,超極ゲリラ経験値にゃ！
1156,1,100,150,200,300,0,1,1,3855,0,0,バースデープレゼント！
1157,1,100,150,200,300,0,0,0,3316,0,0,絶望新次元
1158,1,100,150,200,300,0,0,0,3458,0,1,チワワン伯爵降臨
1159,1,100,150,200,300,0,0,0,3843,0,0,ことよろにゃ！(ΦωΦ)
1160,1,100,150,200,300,0,0,0,2613,0,0,受験戦争ステージ
1161,1,100,150,200,300,0,0,0,2913,0,0,狂乱のもねこ
1162,1,100,150,200,300,5,0,0,1106,0,0,進化の古代マタタビ
1163,1,100,150,200,300,0,0,0,3812,0,0,協賛BitSummit記念！
1164,1,100,150,200,300,0,0,0,2607,0,0,じめじめなめなめ大進撃！
1165,1,100,150,200,300,0,0,0,2513,0,0,もっと禁断の花嫁
1166,1,100,150,200,300,0,0,0,2511,0,0,だって超夏じゃニャーイ！
1167,1,100,150,200,300,0,0,0,2509,0,0,あの世へのUターンラッシュ
1168,1,100,150,200,300,0,0,0,2507,0,0,町で見たすごい老人２
1169,1,100,150,200,300,0,0,0,3301,0,0,絶・紅のカタストロフ
1170,1,100,150,200,300,0,0,0,2505,0,0,続・10月イベント
1171,1,100,150,200,300,0,0,0,2503,0,0,続・11月イベント
1172,1,100,150,200,300,0,0,0,3303,0,0,絶・ダークネスヘブン
1173,1,100,150,200,300,9,1,1,1303,0,0,メタルクマステージ
1174,1,100,150,200,300,0,0,0,2601,0,0,文化祭グルメ戦争
1175,1,100,150,200,300,0,0,0,2501,0,0,宇宙からもクリスマスが来た！
1176,1,100,150,200,300,0,0,0,3305,0,0,絶・国士無双
1177,1,100,150,200,300,0,0,0,3460,0,1,夜は短し夢みよ乙女
1178,3,100,150,200,300,0,0,0,3204,0,0,赤狩り1st
1179,3,100,150,200,300,0,0,0,3205,0,0,赤狩り2nd
1180,3,100,150,200,300,0,0,0,3206,0,0,赤狩り3rd
1181,3,100,150,200,300,0,0,0,3207,0,0,赤狩りLAST
1182,1,100,150,200,300,0,0,0,3606,0,0,イベントオールスター スーパープレゼントDX
1183,1,100,150,200,300,0,1,1,3856,0,0,バースデープレゼント！
1184,1,100,150,200,300,0,0,0,2523,0,0,新年、あけてました。おめっ...
1185,1,100,150,200,300,0,0,0,3307,0,0,絶・天罰
1186,1,100,150,200,300,0,0,0,2521,0,0,さらに召喚された福！
1187,1,100,150,200,300,0,0,0,3309,0,0,絶・鉄子の部屋
1188,1,100,150,200,300,0,0,0,3844,0,0,ことよろにゃ！(ΦωΦ)
1189,1,100,150,200,300,0,0,0,3318,0,0,台風零号
1190,1,100,150,200,300,0,0,0,3502,0,0,極ムズカーニバル3！
1191,1,100,150,200,300,0,0,0,3822,0,0,4000万ダウンロード記念 ハッピープレゼント！
1192,1,100,150,200,300,0,0,0,2519,0,0,雛壇の戦士達SP
1193,1,100,150,200,300,0,0,0,3311,0,0,絶・絶望異次元
1194,1,100,150,200,300,0,0,0,2517,0,0,新・春だよ！高校教師
1195,1,100,150,200,300,0,0,0,3313,0,0,絶・緊急爆風警報
1196,1,100,150,200,300,0,0,0,3451,0,0,絶・断罪天使クオリネル降臨
1197,1,100,150,200,300,0,0,0,2515,0,0,新・5月ステージ
1198,1,100,150,200,300,0,0,0,3315,0,0,絶・ローリングデッド
1199,1,100,150,200,300,0,0,0,3453,0,0,絶・地獄門
1200,1,100,150,200,300,0,1,0,3831,0,0,にゃんこグミステージ
1201,1,100,150,200,300,0,0,0,3455,0,0,絶・女帝飛来
1202,1,100,150,200,300,0,0,0,3813,0,0,協賛BitSummit記念！
1203,1,100,150,200,300,0,0,0,3317,0,0,絶・絶望新次元
1204,1,100,150,200,300,0,2,1,4001,0,0,謎の宅配便
1205,1,100,150,200,300,0,0,0,3457,0,0,絶・亡者デブウ降臨
1206,3,100,150,200,300,0,0,0,3832,0,0,ふたりで！にゃんこ大戦争
1207,1,100,150,200,300,0,0,0,3459,0,0,絶・チワワン伯爵降臨
1208,1,100,150,200,300,0,0,0,2914,0,0,大乱闘狂乱ファミリーズ
1209,1,100,150,200,300,0,1,1,3857,0,0,にゃんにゃん記念日
1210,1,100,150,200,300,0,0,0,3208,0,0,草原の決闘
1211,1,100,150,200,300,0,0,0,3209,0,0,夕焼けの決闘
1212,1,100,150,200,300,0,0,0,3210,0,0,星空の決闘
1213,1,100,150,200,300,0,0,0,3211,0,0,砂浜の決闘
1214,1,100,150,200,300,0,0,0,3461,0,0,絶・夜は短し夢みよ乙女
1215,1,100,150,200,300,0,0,0,3462,0,0,ブルーインパクト
1216,1,100,150,200,300,0,1,1,3858,0,0,バースデープレゼント！
1217,1,100,150,200,300,0,0,0,3480,0,0,奈落門
1218,1,100,150,200,300,0,2,1,4002,0,0,謎の宅配便
1219,1,100,150,200,300,0,0,0,3482,0,0,聖者ポプウ降臨
1220,1,100,150,200,300,0,0,0,3484,0,0,古王妃飛来
1221,1,100,150,200,300,0,0,0,3845,0,0,ことよろにゃ！(ΦωΦ)
1222,1,100,150,200,300,5,0,0,1107,0,0,虹マタタビステージ
1223,1,100,150,200,300,0,0,0,3833,0,0,2019年最多出演敵ベスト5!
1224,1,100,150,200,300,0,1,1,3900,0,0,旧正月ステージ
1225,1,100,150,200,300,0,2,1,4003,0,0,謎の宅配便
1226,1,100,150,200,300,0,0,0,3464,0,0,ほの暗い沼の底から
1227,1,100,150,200,300,0,0,0,3212,0,0,火口の決闘
1228,1,100,150,200,300,0,0,0,3823,0,0,5000万ダウンロード記念 ハッピープレゼント！
1229,1,100,150,200,300,0,0,0,3486,0,0,綺羅星ペロ降臨
1230,1,100,150,200,300,0,1,1,3859,0,0,7周年GWスペシャル
1231,1,100,150,200,300,0,0,0,3488,0,0,死霊妖精クオリネム降臨
1232,1,100,150,200,300,0,0,0,3490,0,0,ユメミちゃん亜種（仮）降臨
1233,1,100,150,200,300,0,0,0,4100,0,0,地図王の眠る島
1234,1,100,150,200,300,0,1,0,2533,0,0,大乱闘 春イベスペシャル
1235,1,100,150,200,300,0,1,0,2532,0,0,大乱闘 夏イベスペシャル
1236,1,100,150,200,300,0,1,0,2531,0,0,大乱闘 秋イベスペシャル
1237,1,100,150,200,300,0,1,0,2530,0,0,大乱闘 冬イベスペシャル
1238,1,100,150,200,300,0,0,0,3220,0,0,タッグ闘技場 ルーキー
1239,1,100,150,200,300,0,0,0,3221,0,0,タッグ闘技場 ビギナー
1240,1,100,150,200,300,0,0,0,3222,0,0,タッグ闘技場 ベテラン
1241,1,100,150,200,300,0,0,0,3223,0,0,タッグ闘技場 プロ
1242,1,100,150,200,300,0,0,0,3224,0,0,タッグ闘技場 エキスパート
1243,1,100,150,200,300,0,0,0,3465,0,0,絶・ほの暗い沼の底から
1244,1,100,150,200,300,0,1,1,3860,0,0,バースデープレゼント！
2000,1,100,150,200,300,0,0,0,6000,0,0,ふるさと自衛隊
2001,4,100,150,200,300,0,0,0,6030,0,0,魅惑のプリンセス
2002,4,100,150,200,300,0,0,0,6031,0,0,ケリ姫ステージ
2003,3,100,150,200,300,0,0,0,6060,0,0,黎明期からの使者
2004,1,100,150,200,300,0,0,0,6090,0,0,拡散性ミリオンアーサー
2005,2,100,150,200,300,0,0,0,6120,0,0,ドラゴンポーカー
2006,1,100,150,200,300,0,0,0,6150,0,0,ラスボス降臨!?
2007,4,100,150,200,200,0,0,0,6180,0,0,地獄のメルクストーリア
2008,4,100,150,200,300,0,0,0,6181,0,0,対決！メルクストーリア
2009,2,100,150,200,300,0,0,0,6210,0,0,ドラゴンリーグ
2010,2,100,150,200,300,0,0,0,6240,0,0,超激突！氣志團！！
2011,1,100,150,200,300,0,0,0,6270,0,0,生きろ！マンボウ！
2012,1,100,150,200,300,0,0,0,6061,0,0,開眼のドロイド！
2013,3,100,200,300,300,0,0,0,0,0,0,消滅都市 ～第１章～
2014,3,100,200,300,300,0,0,0,0,0,0,消滅都市 ～第２章～
2015,3,100,200,300,300,0,0,0,0,0,0,消滅都市 ～第３章～
2016,1,100,150,200,300,0,0,0,6330,0,0,極道大戦争
2017,3,100,150,200,300,0,0,0,6182,0,0,逆襲のメルクストーリア
2018,1,100,150,200,300,0,0,0,6186,0,0,開眼の癒術士襲来！
2019,1,100,150,200,300,0,0,0,6360,0,0,モンハン大狩猟クエスト
2020,1,100,150,200,300,0,0,0,6361,0,0,モンハン大狩猟クエスト【緊急】
2021,2,100,150,200,300,0,0,0,6390,0,0,メタルスラッグディフェンス
2022,2,100,150,200,300,0,0,0,6391,0,0,超メタルスラッグディフェンス
2023,3,100,150,200,300,0,0,0,6420,0,0,神略！ゆるドラシル
2024,3,100,150,200,300,0,0,0,6450,0,0,城とドラゴン
2025,1,100,150,200,300,0,0,0,6451,0,0,開眼の城とドラゴン
2026,3,100,150,200,300,0,0,0,6452,0,0,難攻不落の城とドラゴン
2027,1,100,150,200,300,0,0,0,6480,0,0,まもるよネコさん
2028,1,100,150,200,300,0,0,0,6306,0,0,開眼のタクヤとユキ
2029,1,100,150,200,300,0,0,0,6510,0,0,なめこからの挑戦状
2030,1,100,150,200,300,0,0,0,6540,0,0,ふてたネコあらわる
2031,3,100,200,300,300,0,0,0,6570,0,0,魔法少女まどか☆マギカ
2032,3,100,200,300,300,0,0,0,6571,0,0,魔女の結界
2033,3,100,200,300,300,0,0,0,6572,0,0,魔女の結界
2034,3,100,200,300,300,0,0,0,6573,0,0,魔女の結界
2035,1,100,150,200,300,0,0,0,6574,0,0,ワルプルギスの夜
2036,1,100,150,200,300,0,0,0,6600,0,0,突撃！キャットバスターズ
2037,1,100,150,200,300,0,0,0,6151,0,0,開眼の歌謡にゃんこ襲来！
2038,1,100,150,200,300,0,0,0,6630,0,0,ピコ太郎
2039,1,100,150,200,300,0,0,0,6660,0,0,TWその２
2040,1,100,150,200,300,0,0,0,6690,0,0,ナゾのウサギ登場!?
2041,3,100,200,300,300,0,0,0,6720,0,0,ALICEの入り口
2042,3,100,200,300,300,0,0,0,6721,0,0,月夜のオールドシティ
2043,1,100,150,200,300,0,0,0,6034,0,0,開眼のケリ姫襲来！
2044,1,100,150,200,300,0,0,0,6035,0,0,開眼の眠れるケリの美女襲来！
2045,3,100,200,300,300,0,0,0,6303,0,0,失われし世界
2046,1,100,150,200,300,0,0,0,6187,0,0,開眼のメルク襲来！
2047,1,100,150,200,300,0,0,0,6188,0,0,開眼のティティ襲来！
2048,1,100,150,200,300,0,0,0,6183,0,0,神秘のメルクストーリア
2049,3,100,200,300,300,0,0,0,6750,0,0,ぐでぐでしてます
2050,3,100,200,300,300,0,0,0,6751,0,0,どうせ食べられるだけだし
2051,1,100,150,200,300,0,0,0,6780,0,0,ＴＷその３
2052,3,100,200,300,300,0,0,0,6810,0,0,聖杯戦争の始まり
2053,3,100,200,300,300,0,0,0,6811,0,0,激闘！セイバー襲来！
2054,3,100,200,300,300,0,0,0,6812,0,0,激闘！ランサー襲来！
2055,3,100,200,300,300,0,0,0,6813,0,0,激闘！アーチャー襲来！
2056,3,100,200,300,300,0,0,0,6814,0,0,激闘！ライダー襲来！
2057,3,100,200,300,300,0,0,0,6815,0,0,大激闘！ギルガメッシュ襲来！
2058,1,100,150,200,300,0,0,0,6840,0,0,パワフル高校2年の夏
2059,1,100,150,200,300,0,0,0,6841,0,0,ダイジョーブ博士の挑戦状
2060,1,100,150,200,300,0,0,0,6842,0,0,デートステージ 猫塚かりん
2061,1,100,150,200,300,0,0,0,6843,0,0,デートステージ 紺野美崎
2062,1,100,150,200,300,0,0,0,6844,0,0,デートステージ 虹谷彩理
2063,1,100,150,200,300,0,0,0,6845,0,0,デートステージ 片桐恋
2064,1,100,150,200,300,0,0,0,6870,0,0,つくね荘からの挑戦状
2065,3,100,200,300,300,0,0,0,6900,0,0,発進！エヴァンゲリオン
2066,3,100,200,300,300,0,0,0,6901,0,0,決戦！ヤシマ作戦
2067,3,100,200,300,300,0,0,0,6902,0,0,第９の使徒、襲来
2068,1,100,150,200,300,0,0,0,6903,0,0,第１０の使徒、襲来
2069,3,100,150,200,300,0,0,0,6930,0,0,ポコ森の仲間たち
2070,3,100,150,200,300,0,0,0,6931,0,0,仲良し３人組
2071,3,100,150,200,300,0,0,0,6960,0,0,太秦萌の通学
2072,3,100,150,200,300,0,0,0,6961,0,0,松賀咲の通学
2073,3,100,150,200,300,0,0,0,6962,0,0,小野ミサの通学
2074,3,100,150,200,300,0,0,0,6963,0,0,地下鉄に乗るっ
2075,3,100,200,300,300,0,0,0,6304,0,0,タマシイの都
2076,3,100,200,300,300,0,0,0,6752,0,0,ぐでぐでしてて忙しい
2077,1,100,200,300,300,0,0,0,6753,0,0,開眼のぐでたまにゃんこ襲来！
2078,3,100,115,130,300,0,0,0,6453,0,0,城ドラ VS 城ドラ
2079,1,100,200,300,300,0,0,0,6990,0,0,キモ激しく動くクマ
2080,4,100,150,170,200,0,0,0,6032,0,0,ケットバス王国の教え
2081,1,100,150,200,300,0,0,0,6575,0,0,偽りの見滝原
2082,3,100,200,300,300,0,0,0,6722,0,0,女王暴走
2083,1,100,200,300,300,0,0,0,7020,0,0,ヒカキン降臨
2084,1,100,200,300,300,0,0,0,7021,0,0,開眼のヒカキン襲来！
2085,4,100,150,200,300,0,0,0,6184,0,0,逆襲のメルクストーリア
2086,3,100,150,200,300,0,0,0,6185,0,0,神秘のメルクストーリア
2087,1,100,150,200,300,0,0,0,6816,0,0,超激闘！セイバーオルタ襲来！
2088,3,100,200,300,300,0,0,0,6272,0,0,マンボウドロップ用マップ
2089,3,100,200,300,300,0,0,0,6271,0,0,マンボウスコア報酬用マップ
2090,1,100,150,200,300,0,0,0,6661,0,0,開眼のTWその２
2091,1,100,150,200,300,0,0,0,7250,0,0,ＴＷその４
2092,3,100,200,300,300,0,0,0,7280,0,0,聖魔大戦勃発！
2093,1,100,150,200,300,0,0,0,7281,0,0,ビックリマンチョコ
2094,1,100,150,200,300,0,0,0,7282,0,0,対決！魔幻モデル
2095,1,100,150,200,300,0,0,0,7283,0,0,覚醒！ヤマト爆神
2096,3,100,200,300,300,0,0,0,7310,0,0,ゆる～い！ねこ娘襲来！
2097,3,100,200,300,300,0,0,0,7311,0,0,ゆる～いゲゲゲの鬼太郎
2098,3,100,200,300,300,0,0,0,6300,0,0,消滅都市(1～3章統合版)
2099,3,100,200,300,300,0,0,0,6305,0,0,天上の世界
2100,4,100,150,200,100,0,0,0,6033,0,0,激闘！スイーツ大戦争
2101,1,100,150,200,300,0,0,0,6662,0,0,開眼のチョコレート
2102,1,100,150,200,300,0,0,0,6904,0,0,フォースインパクト
2103,3,100,150,200,300,0,0,0,7050,0,0,高雄メトロコラボ　通常マップ
2104,3,100,150,200,300,0,0,0,7051,0,0,高雄メトロコラボ　開眼マップ
2105,3,100,150,200,300,0,0,0,7340,0,0,シャクレルプラネット
2106,3,100,150,200,300,0,0,0,7370,0,0,ドットヒーローズ
2107,1,100,150,200,300,0,0,0,0,0,0,ストリートファイター EASY
2108,1,100,150,200,300,0,0,0,0,0,0,ストリートファイター NORMAL
2109,1,100,150,200,300,0,0,0,0,0,0,ストリートファイター HARD
2110,1,100,150,200,300,0,0,0,0,0,0,New Challenger(VSリュウ 初級)
2111,1,100,150,200,300,0,0,0,0,0,0,New Challenger(VSリュウ 激ムズ)
2112,1,100,150,200,300,0,0,0,0,0,0,New Challenger(VS春麗 初級)
2113,1,100,150,200,300,0,0,0,0,0,0,New Challenger(VS春麗 激ムズ)
2114,1,100,150,200,300,0,0,0,0,0,0,New Challenger(VSガイル 初級)
2115,1,100,150,200,300,0,0,0,0,0,0,New Challenger(VSガイル 激ムズ)
2116,1,100,150,200,300,0,0,0,0,0,0,New Challenger(VSザンギエフ 初級)
2117,1,100,150,200,300,0,0,0,0,0,0,New Challenger(VSザンギエフ 激ムズ)
2118,1,100,150,200,300,0,0,0,0,0,0,New Challenger(VSブランカ 初級)
2119,1,100,150,200,300,0,0,0,0,0,0,New Challenger(VSブランカ 激ムズ)
2120,1,100,150,200,300,0,0,0,0,0,0,New Challenger(VSダルシム 初級)
2121,1,100,150,200,300,0,0,0,0,0,0,New Challenger(VSダルシム 激ムズ)
2122,1,100,150,200,300,0,0,0,0,0,0,New Challenger(VSケン 初級)
2123,1,100,150,200,300,0,0,0,0,0,0,New Challenger(VSケン 激ムズ)
2124,1,100,150,200,300,0,0,0,0,0,0,New Challenger(豪鬼)
2125,1,100,150,200,300,0,0,0,7430,0,0,７周年★東京スカイツリー
2126,3,100,150,200,300,0,0,0,7460,0,0,初音ミク
2127,3,100,150,200,300,0,0,0,7461,0,0,MIKU EXPO
2128,3,100,150,200,300,0,0,0,7462,0,0,MIKU CHERRY
2129,1,100,150,200,300,0,2,1,6273,30,0,ＩＭコラボ強襲
2130,3,100,150,200,300,0,0,0,7463,0,0,MIKU EXPO（韓国版）
2131,3,100,150,200,300,0,0,0,7464,0,0,MIKU CHERRY（韓国版）
2132,1,100,150,200,300,0,0,0,7490,0,0,ＯＤコラボ
2133,3,100,150,200,300,0,0,0,7520,0,0,ＵＦＯコラボ
2134,1,100,150,200,300,0,1,1,7470,0,0,バースデープレゼント！(初音ミクver)
2135,1,100,150,200,300,0,0,0,7400,0,0,ストリートファイター EASY
2136,1,100,150,200,300,0,0,0,7401,0,0,ストリートファイター NORMAL
2137,1,100,150,200,300,0,0,0,7402,0,0,ストリートファイター HARD
2138,1,100,150,200,300,0,0,0,7417,0,0,New Challenger(VSエドモンド本田 初級)
2139,1,100,150,200,300,0,0,0,7418,0,0,New Challenger(VSエドモンド本田 激ムズ)
2140,1,100,150,200,300,0,0,0,7419,0,0,New Challenger(VSバイソン 中級)
2141,1,100,150,200,300,0,0,0,7420,0,0,New Challenger(VSバイソン 超激ムズ)
2142,1,100,150,200,300,0,0,0,7421,0,0,New Challenger(VSバルログ 中級)
2143,1,100,150,200,300,0,0,0,7422,0,0,New Challenger(VSバルログ 超激ムズ)
2144,1,100,150,200,300,0,0,0,7423,0,0,New Challenger(VSサガット 中級)
2145,1,100,150,200,300,0,0,0,7424,0,0,New Challenger(VSサガット 超激ムズ)
2146,1,100,150,200,300,0,0,0,7425,0,0,New Challenger(VSベガ 中級)
2147,1,100,150,200,300,0,0,0,7426,0,0,New Challenger(VSベガ 超激ムズ)
2148,1,100,150,200,300,0,0,0,7403,0,0,New Challenger(VSリュウ 初級)
2149,1,100,150,200,300,0,0,0,7404,0,0,New Challenger(VSリュウ 激ムズ)
2150,1,100,150,200,300,0,0,0,7405,0,0,New Challenger(VS春麗 初級)
2151,1,100,150,200,300,0,0,0,7406,0,0,New Challenger(VS春麗 激ムズ)
2152,1,100,150,200,300,0,0,0,7407,0,0,New Challenger(VSガイル 初級)
2153,1,100,150,200,300,0,0,0,7408,0,0,New Challenger(VSガイル 激ムズ)
2154,1,100,150,200,300,0,0,0,7409,0,0,New Challenger(VSザンギエフ 初級)
2155,1,100,150,200,300,0,0,0,7410,0,0,New Challenger(VSザンギエフ 激ムズ)
2156,1,100,150,200,300,0,0,0,7411,0,0,New Challenger(VSブランカ 初級)
2157,1,100,150,200,300,0,0,0,7412,0,0,New Challenger(VSブランカ 激ムズ)
2158,1,100,150,200,300,0,0,0,7413,0,0,New Challenger(VSダルシム 初級)
2159,1,100,150,200,300,0,0,0,7414,0,0,New Challenger(VSダルシム 激ムズ)
2160,1,100,150,200,300,0,0,0,7415,0,0,New Challenger(VSケン 初級)
2161,1,100,150,200,300,0,0,0,7416,0,0,New Challenger(VSケン 激ムズ)
2162,1,100,150,200,300,0,0,0,7427,0,0,New Challenger(豪鬼)
4000,1,100,150,200,300,0,0,0,0,0,0,EXステージ
4001,1,100,150,200,300,0,0,0,0,0,0,EXステージ
4002,1,100,150,200,300,0,0,0,0,0,0,EXステージ
4003,1,100,150,200,300,0,0,0,0,0,0,EXステージ
4004,1,100,150,200,300,0,0,0,0,0,0,EXステージ
4005,1,100,150,200,300,0,0,0,0,0,0,EXステージ
4006,1,100,150,200,300,0,0,0,0,0,0,EXステージ
4007,1,100,150,200,300,0,0,0,0,0,0,EXステージ
4008,1,100,150,200,300,0,0,0,0,0,0,EXステージ
4009,1,100,150,200,300,0,0,0,0,0,0,EXステージ
4010,1,100,150,200,300,0,0,0,0,0,0,EXステージ
4011,1,100,150,200,300,0,0,0,0,0,0,EXステージ
4012,1,100,150,200,300,0,0,0,0,0,0,EXステージ
4013,1,100,150,200,300,0,0,0,0,0,0,EXステージ
4014,1,100,150,200,300,0,0,0,0,0,0,EXステージ
4015,1,100,150,200,300,0,0,0,0,0,0,EXステージ
4016,1,100,150,200,300,0,0,0,0,0,0,EXステージ
4017,1,100,150,200,300,0,0,0,0,0,0,EXステージ
4018,1,100,150,200,300,0,0,0,0,0,0,EXステージ
4019,1,100,150,200,300,0,0,0,0,0,0,EXステージ
4020,1,100,150,200,300,0,0,0,0,0,0,EXステージ
4021,1,100,150,200,300,0,0,0,0,0,0,EXステージ
4022,1,100,150,200,300,0,0,0,0,0,0,EXステージ
4023,1,100,150,200,300,0,0,0,0,0,0,EXステージ
4024,1,100,150,200,300,0,0,0,0,0,0,EXステージ
4025,1,100,150,200,300,0,0,0,0,0,0,EXステージ
4026,1,100,120,130,100,0,0,0,0,0,0,EXステージ
7000,1,100,150,200,300,0,2,0,9999,0,0,にゃんこ塔
12000,1,100,150,200,300,0,0,0,1,0,0,チャレンジバトル
13000,2,100,150,200,100,0,0,0,0,0,0,真・伝説のはじまり
13001,2,100,150,200,100,0,0,0,0,0,0,まんぷく秘境
13002,2,100,150,200,100,0,0,0,0,0,0,アドベン大森林
13003,2,100,150,200,100,0,0,0,0,0,0,じゃぶじゃぶ旧街道
13004,2,100,150,200,100,0,0,0,0,0,0,ワンワン湾
13005,2,100,150,200,100,0,0,0,0,0,0,深淵を覗く者
13006,2,100,150,200,100,0,0,0,0,0,0,デスメガシティ
13007,2,100,150,200,100,0,0,0,0,0,0,無法地帯のオキテ
13008,2,100,150,200,100,0,0,0,0,0,0,パラリラ半島
13009,2,100,150,200,100,0,0,0,0,0,0,キャットクーデター
14000,1,100,120,130,100,4,1,3,5304,0,0,ネコビタン進化の黄マタタビ
14001,1,100,120,130,100,4,1,3,5303,0,0,ネコビタン進化の青マタタビ
14002,1,100,120,130,100,4,1,3,5302,0,0,ネコビタン進化の赤マタタビ
14003,1,100,120,130,100,4,1,3,5301,0,0,ネコビタン進化の紫マタタビ
14004,1,100,120,130,100,4,1,3,5300,0,0,ネコビタン進化の緑マタタビ
14005,1,100,120,130,100,9,1,2,5400,0,0,ネコビタン逆襲のカオル君
14006,1,100,120,130,100,9,1,3,5401,0,0,ネコビタン逆襲のカバちゃん
14007,1,100,120,130,100,9,1,3,5402,0,0,ネコビタンにゃんチケ★チャンス
14008,1,100,120,130,100,3,1,1,5500,0,0,ネコビタン超極ゲリラ経験値にゃ
14009,1,100,120,130,100,3,1,2,5501,0,0,ネコビタン極ゲリラ経験値にゃ
14010,1,100,120,130,100,3,1,3,5502,0,0,ネコビタン超ゲリラ経験値にゃ
14011,1,100,120,130,100,3,1,3,5503,0,0,ネコビタンゲリラ経験値にゃ
14012,1,100,150,200,300,0,1,1,5200,0,0,ネコビタン断罪天使クオリネル降臨
14013,1,100,150,200,300,0,1,1,5201,0,0,ネコビタン地獄門
14014,1,100,150,200,300,0,1,1,5202,0,0,ネコビタン女帝飛来
14015,1,100,150,200,300,0,1,1,5203,0,0,ネコビタン亡者デブウ降臨
14016,1,100,150,200,300,0,1,1,5204,0,0,ネコビタンチワワン伯爵降臨
14017,1,100,150,200,300,0,1,1,5205,0,0,ネコビタン夜は短し夢みよ乙女
14018,1,100,150,200,300,0,1,1,5100,0,0,ネコビタン紅のカタストロフ
14019,1,100,150,200,300,0,1,1,5101,0,0,ネコビタンダークネスヘブン
14020,1,100,150,200,300,0,1,1,5102,0,0,ネコビタン国士無双
14021,1,100,150,200,300,0,1,1,5103,0,0,ネコビタン天罰
14022,1,100,150,200,300,0,1,1,5104,0,0,ネコビタン鉄子の部屋
14023,1,100,150,200,300,0,1,1,5105,0,0,ネコビタン絶望異次元
14024,1,100,150,200,300,0,1,1,5000,0,0,ネコビタン狂乱のネコ降臨
14025,1,100,150,200,300,0,1,1,5001,0,0,ネコビタン狂乱のタンク降臨
14026,1,100,150,200,300,0,1,1,5002,0,0,ネコビタン狂乱のバトル降臨
14027,1,100,150,200,300,0,1,1,5003,0,0,ネコビタン狂乱のキモネコ降臨
14028,1,100,150,200,300,0,1,1,5004,0,0,ネコビタン狂乱のウシ降臨
14029,1,100,150,200,300,0,1,1,5005,0,0,ネコビタン狂乱のトリ降臨
14030,1,100,150,200,300,0,1,1,5006,0,0,ネコビタン狂乱のフィッシュ降臨
14031,1,100,150,200,300,0,1,1,5007,0,0,ネコビタン狂乱のトカゲ降臨
14032,1,100,150,200,300,0,1,1,5008,0,0,ネコビタン狂乱の巨神降臨
24000,1,100,150,200,300,0,2,1,9900,30,0,ヒュージゴマ強襲 !
24001,1,100,150,200,300,0,2,1,9901,30,0,ヒュージゴマ強襲 !!
24002,1,100,150,200,300,0,2,1,9902,30,0,ヒュージゴマ強襲 !!!
24003,1,100,150,200,300,0,2,1,9903,30,0,ジャイアント黒蔵強襲 !
24004,1,100,150,200,300,0,2,1,9904,30,0,ジャイアント黒蔵強襲 !!
24005,1,100,150,200,300,0,2,1,9905,30,0,ジャイアント黒蔵強襲 !!!
24006,1,100,150,200,300,0,2,1,9906,30,0,ギガガガ強襲 !
24007,1,100,150,200,300,0,2,1,9907,30,0,ギガガガ強襲 !!
24008,1,100,150,200,300,0,2,1,9908,30,0,ギガガガ強襲 !!!
24009,1,100,150,200,300,0,2,1,9909,30,0,デッカーバチャン強襲 !
24010,1,100,150,200,300,0,2,1,9910,30,0,デッカーバチャン強襲 !!
24011,1,100,150,200,300,0,2,1,9911,30,0,デッカーバチャン強襲 !!!
25000,1,100,150,200,300,0,2,1,9000,0,0,アテイム古戦場
25001,1,100,150,200,300,0,2,1,9000,0,0,ビタミン渓谷
25002,1,100,150,200,300,0,2,1,9000,0,0,にゃんチケ★ハンター
25003,1,100,150,200,300,0,2,1,9000,0,0,精神と時間の小屋
25004,1,100,150,200,300,0,2,1,9000,0,0,精神と時間の洞窟
25005,1,100,150,200,300,0,2,1,9000,0,0,精神と時間の迷宮
25006,1,100,150,200,300,0,2,1,9000,0,0,ねこの目洞窟
25007,1,100,150,200,300,0,2,1,9000,0,0,ビタミン火山
25008,1,100,150,200,300,0,2,1,9000,0,0,にゃんチケ★ハンターG
25009,1,100,150,200,300,0,2,1,9000,0,0,紅き本能の起源
25010,1,100,150,200,300,0,2,1,9000,0,0,紅き本能の頂
25011,1,100,150,200,300,0,2,1,9000,0,0,紅き本能の秘境
25012,1,100,150,200,300,0,2,1,9000,0,0,浮ける本能の起源
25013,1,100,150,200,300,0,2,1,9000,0,0,浮ける本能の頂
25014,1,100,150,200,300,0,2,1,9000,0,0,浮ける本能の秘境
25015,1,100,150,200,300,0,2,1,9000,0,0,黒き本能の起源
25016,1,100,150,200,300,0,2,1,9000,0,0,黒き本能の頂
25017,1,100,150,200,300,0,2,1,9000,0,0,黒き本能の秘境
25018,1,100,150,200,300,0,2,1,9000,0,0,聖なる本能の起源
25019,1,100,150,200,300,0,2,1,9000,0,0,聖なる本能の頂
25020,1,100,150,200,300,0,2,1,9000,0,0,聖なる本能の秘境
25021,1,100,150,200,300,0,2,1,9000,0,0,蒼き本能の起源
25022,1,100,150,200,300,0,2,1,9000,0,0,蒼き本能の頂
25023,1,100,150,200,300,0,2,1,9000,0,0,蒼き本能の秘境
25024,1,100,150,200,300,0,2,1,9000,0,0,朽ちた本能の起源
25025,1,100,150,200,300,0,2,1,9000,0,0,朽ちた本能の頂
25026,1,100,150,200,300,0,2,1,9000,0,0,朽ちた本能の秘境
25027,1,100,150,200,300,0,2,1,9000,0,0,硬き本能の起源
25028,1,100,150,200,300,0,2,1,9000,0,0,硬き本能の頂
25029,1,100,150,200,300,0,2,1,9000,0,0,硬き本能の秘境
27000,1,100,150,200,300,0,2,1,6307,30,0,メシエ 強襲！
27001,1,100,150,200,300,0,2,1,7521,30,0,U.F.O.軍団 強襲！
27002,1,100,150,200,300,0,2,1,7284,30,0,悪魔軍 強襲 !
27003,1,100,150,200,300,0,2,1,7285,30,0,天使軍 強襲 !
27004,1,100,150,200,300,0,2,1,6189,30,0,メルク 強襲！
